{"Asking price": [2017985.3426495767, 1032898.4406277109], "monthly_fee": [3175.836472166952, 945.0187336869216], "municipality_tax_rate": [21.273809633982694, 0.4668964780027336], "Number of rooms": [1.9776734070612187, 0.8097714695547534], "Construction year": [1964.9866271806025, 30.05346302395651], "Operating cost": [4906.5898847808985, 6234.046540129598], "Floor Number": [2.4473184952107725, 1.671189010452591], "year": [2020.763500069409, 1.3161952880604464]}